contig	position	variantID	refAllele	altAllele	refCount	altCount	totalCount	lowMAPQDepth	lowBaseQDepth	rawDepth	otherBases	improperPairs
8	6604058	.	T	C	3	8	11	0	0	11	0	0
8	6609884	.	C	A	8	4	12	0	0	13	0	1
8	6610421	.	A	G	9	3	12	0	0	12	0	0
8	6610432	.	G	T	9	1	10	0	0	10	0	0
8	6610540	.	G	A	8	4	12	0	0	12	0	0
8	7160771	.	A	G	9	6	15	0	0	15	0	0
8	7160849	.	G	T	12	11	23	1	0	26	0	2
8	10102557	.	G	A	4	7	11	0	0	11	0	0
8	10272737	.	G	A	6	10	16	0	0	17	0	1
8	10948648	.	T	C	6	5	11	0	0	11	0	0
8	11142294	.	T	G	7	5	12	0	0	12	0	0
8	11142364	.	G	C	7	3	10	0	0	10	0	0
8	11142420	.	C	T	6	5	11	0	0	11	0	0
8	11142840	.	C	T	6	4	10	0	0	10	0	0
8	12035324	.	A	G	13	10	23	0	0	23	0	0
8	12040526	.	T	C	10	8	18	0	0	18	0	0
8	12045436	.	C	T	7	9	16	0	0	16	0	0
8	12045459	.	T	A	7	10	17	0	0	18	0	1
8	12051100	.	G	C	6	5	11	0	0	11	0	0
8	15833600	.	G	A	12	6	18	0	0	18	0	0
8	15837930	.	T	C	11	6	17	0	0	17	0	0
8	15847140	.	A	G	10	4	14	0	0	15	0	1
8	15847214	.	C	T	11	6	17	0	0	19	0	2
8	16864100	.	T	A	3	7	10	0	0	10	0	0
8	16910766	.	A	G	7	12	19	0	0	19	0	0
8	16910952	.	A	C	14	16	30	0	0	32	0	2
8	16910990	.	G	T	16	13	29	0	0	31	0	2
8	16911430	.	A	G	22	16	38	0	0	39	0	1
8	17235422	.	T	C	10	11	21	0	0	21	0	0
8	17235502	.	G	C	13	2	15	0	0	17	0	2
8	17235521	.	G	C	11	4	15	0	0	15	0	0
8	17235522	.	A	G	11	4	15	0	0	15	0	0
8	17241126	.	C	T	13	11	24	0	0	24	0	0
8	17246732	.	G	A	12	5	17	0	0	17	0	0
8	17246815	.	G	A	9	5	14	0	0	14	0	0
8	17250966	.	G	A	18	6	24	0	0	24	0	0
8	17255431	.	A	G	10	7	17	0	0	18	1	0
8	17569674	.	A	G	7	3	10	0	0	10	0	0
8	17579881	.	C	G	7	4	11	0	0	11	0	0
8	17605472	.	T	C	4	10	14	0	0	16	0	2
8	17605855	.	C	T	10	1	11	0	0	11	0	0
8	17650051	.	C	T	11	17	28	0	0	28	0	0
8	17666330	.	C	G	11	5	16	0	0	17	0	1
8	17670723	.	A	C	13	7	20	0	0	21	0	1
8	17673443	.	A	C	17	7	24	0	0	24	0	0
8	17673767	.	C	A	16	16	32	0	0	33	0	1
8	17731245	.	G	T	7	4	11	0	0	11	0	0
8	17774065	.	A	G	28	19	47	1	0	48	0	0
8	18547093	.	C	T	45	33	78	0	0	79	0	1
8	18679269	.	C	T	22	19	41	0	0	43	0	2
8	19205663	.	G	T	4	7	11	0	0	11	0	0
8	19255600	.	C	G	9	1	10	0	0	10	0	0
8	19255630	.	T	G	7	6	13	0	0	13	0	0
8	19633840	.	A	G	20	14	34	0	0	35	0	1
8	19642399	.	C	T	15	17	32	0	0	33	0	1
8	19643596	.	G	A	10	7	17	0	0	17	0	0
8	19654691	.	T	C	10	5	15	0	0	15	0	0
8	19973976	.	G	A	15	2	17	0	0	19	0	2
8	19993816	.	C	T	20	11	31	0	0	31	0	0
8	22103399	.	C	T	8	4	12	0	0	12	0	0
8	22107845	.	G	A	8	8	16	0	0	16	0	0
8	22315579	.	C	T	28	33	61	0	0	62	0	1
8	22315639	.	G	T	34	26	60	0	0	61	0	1
8	22315679	.	G	T	22	27	49	0	0	49	0	0
8	22319738	.	G	A	77	47	124	18	0	144	0	2
8	22319835	.	C	T	7	9	16	0	0	16	0	0
8	22319942	.	T	C	8	2	10	0	0	11	0	1
8	22321068	.	G	A	14	8	22	0	0	24	0	2
8	22331954	.	T	C	109	108	217	0	0	220	0	3
8	22481405	.	G	A	10	4	14	0	0	14	0	0
8	22512201	.	T	C	12	5	17	0	0	17	0	0
8	22536620	.	T	C	4	8	12	0	0	13	0	1
8	22540505	.	T	C	7	3	10	0	0	10	0	0
8	22998114	.	G	C	8	5	13	0	0	14	0	1
8	23449581	.	T	C	10	9	19	0	0	19	0	0
8	25331310	.	C	G	7	3	10	0	0	10	0	0
8	26408118	.	T	C	19	2	21	0	0	22	0	1
8	26650048	.	A	G	14	3	17	0	0	17	0	0
8	26669405	.	G	A	14	6	20	0	0	20	0	0
8	26787681	.	C	T	20	16	36	0	0	36	0	0
8	26796708	.	C	A	16	17	33	0	0	34	0	1
8	26796873	.	G	C	15	7	22	0	0	22	0	0
8	26799555	.	C	T	10	22	32	0	0	32	0	0
8	26799903	.	G	T	13	15	28	0	0	29	0	1
8	26890207	.	C	T	7	3	10	0	0	10	0	0
8	26890268	.	C	T	10	9	19	0	0	20	0	1
8	26890448	.	T	A	6	5	11	0	0	11	0	0
8	26895661	.	A	G	13	11	24	0	0	24	0	0
8	26895973	.	T	C	14	6	20	0	0	20	0	0
8	26896194	.	T	C	14	8	22	0	0	22	0	0
8	26898446	.	A	C	8	2	10	0	0	10	0	0
8	27523241	.	G	T	6	9	15	0	0	15	0	0
8	27523272	.	A	G	15	14	29	0	0	32	1	2
8	27536472	.	C	T	92	39	131	0	0	131	0	0
8	27536473	.	C	G	94	39	133	0	0	133	0	0
8	27539125	.	G	C	142	96	238	0	0	240	0	2
8	27539196	.	A	G	152	187	339	0	0	343	0	4
8	27542103	.	A	C	12	9	21	0	0	27	0	6
8	27542111	.	G	A	12	7	19	0	0	24	0	5
8	27542293	.	T	C	131	126	257	0	0	264	0	7
8	27542363	.	C	A	113	179	292	0	0	301	0	9
8	27542404	.	T	C	148	189	337	0	0	347	0	10
8	27547158	.	G	A	123	131	254	0	0	269	0	15
8	27580122	.	C	T	85	123	208	0	0	208	0	0
8	27627360	.	A	G	7	6	13	0	0	13	0	0
8	27631346	.	T	C	4	13	17	0	0	17	0	0
8	27632255	.	A	G	1057	1018	2075	0	0	2086	1	10
8	27632546	.	A	G	1029	866	1895	0	0	1903	1	7
8	27638164	.	A	C	687	533	1220	36	0	1265	0	9
8	27638252	.	T	C	7	12	19	0	0	20	0	1
8	27754691	.	C	T	6	6	12	0	0	13	0	1
8	27793643	.	C	A	7	6	13	0	0	15	0	2
8	28369190	.	G	A	11	9	20	0	0	20	0	0
8	29104896	.	C	G	14	7	21	0	0	21	0	0
8	29106528	.	A	G	9	5	14	0	0	15	1	0
8	29133292	.	T	C	13	21	34	0	0	35	0	1
8	29158476	.	G	A	13	13	26	0	0	26	0	0
8	29208613	.	G	A	15	10	25	0	0	25	0	0
8	29296676	.	T	C	11	9	20	0	0	20	0	0
8	30229021	.	C	T	8	6	14	0	0	14	0	0
8	30229212	.	G	A	11	4	15	0	0	15	0	0
8	30758699	.	C	T	13	16	29	0	0	41	0	12
8	30762741	.	A	G	6	15	21	0	0	26	0	5
8	30775725	.	A	G	26	23	49	1	0	53	0	3
8	30827984	.	A	G	10	7	17	0	0	17	0	0
8	30841185	.	C	T	9	14	23	0	0	23	0	0
8	32697743	.	T	C	14	18	32	0	0	32	0	0
8	38013418	.	A	G	14	18	32	0	0	32	0	0
8	38013934	.	T	C	26	22	48	0	0	48	0	0
8	38014021	.	C	T	21	11	32	0	0	33	1	0
8	38041097	.	C	G	22	13	35	0	0	36	0	1
8	38044934	.	G	A	13	9	22	0	0	24	0	2
8	38046838	.	A	G	9	5	14	0	0	16	0	2
8	38046954	.	C	T	3	8	11	0	0	11	0	0
8	38333022	.	T	C	3	9	12	0	0	21	0	9
8	38333119	.	A	G	8	2	10	0	0	11	0	1
8	38384210	.	C	G	8	11	19	0	0	19	0	0
8	38415232	.	A	G	7	6	13	0	0	13	0	0
8	38440293	.	C	T	12	5	17	0	0	17	0	0
8	38485899	.	G	C	7	14	21	0	0	22	0	1
8	38596692	.	T	C	4	7	11	0	0	11	0	0
8	38600432	.	A	G	4	7	11	0	0	11	0	0
8	38610157	.	T	C	12	20	32	0	0	32	0	0
8	40504666	.	A	G	4	14	18	0	0	20	0	2
8	40505015	.	C	T	20	20	40	0	0	40	0	0
8	40520628	.	T	C	5	6	11	0	0	16	0	5
8	40520691	.	C	T	11	0	11	0	0	11	0	0
8	40520694	.	T	C	11	0	11	0	0	11	0	0
8	40520702	.	G	C	13	0	13	0	0	14	0	1
8	40526711	.	C	T	30	56	86	0	0	98	0	12
8	40526738	.	A	G	32	48	80	0	0	95	0	15
8	40527011	.	A	C	30	40	70	1	0	72	0	1
8	40529142	.	G	C	25	7	32	0	0	47	0	15
8	40529622	.	T	A	23	37	60	0	0	61	0	1
8	40531057	.	G	A	17	25	42	0	0	47	0	5
8	40531562	.	T	C	32	15	47	0	0	47	0	0
8	40531580	.	T	C	23	9	32	0	0	32	0	0
8	41248780	.	G	A	106	0	106	30	0	137	0	1
8	41464309	.	A	G	15	14	29	0	0	29	0	0
8	42385461	.	G	A	10	6	16	0	0	16	0	0
8	42661855	.	A	G	4	13	17	0	0	17	0	0
8	42773551	.	C	A	9	9	18	0	0	18	0	0
8	43152708	.	C	T	12	15	27	0	0	27	0	0
8	43152814	.	C	T	21	18	39	0	0	41	0	2
8	43154988	.	C	T	7	21	28	0	0	28	0	0
8	43155011	.	A	G	11	18	29	0	0	29	0	0
8	43466343	.	C	T	33	30	63	0	0	63	0	0
8	44858768	.	G	C	10	9	19	0	0	21	0	2
8	48926458	.	G	T	13	12	25	0	0	25	0	0
8	48957918	.	A	G	10	9	19	0	0	19	0	0
8	51895153	.	A	G	24	23	47	0	0	50	0	3
8	51931777	.	G	A	20	12	32	2	0	34	0	0
8	51960854	.	A	G	17	12	29	0	0	30	0	1
8	52037243	.	A	G	6	12	18	0	0	18	0	0
8	53959370	.	T	C	11	7	18	0	0	20	0	2
8	56858865	.	C	T	9	12	21	0	0	22	0	1
8	56858880	.	A	G	12	11	23	0	0	24	0	1
8	58243974	.	T	C	6	6	12	0	0	12	0	0
8	61069593	.	T	C	116	83	199	1	0	204	0	4
8	61074889	.	G	T	12	1	13	0	0	13	0	0
8	61074941	.	A	C	11	5	16	0	0	17	0	1
8	61075051	.	G	A	16	6	22	0	0	22	0	0
8	62721751	.	A	G	10	11	21	0	0	21	0	0
8	64567637	.	C	T	9	1	10	0	0	10	0	0
8	64593792	.	C	T	9	12	21	0	0	21	0	0
8	64777468	.	G	T	8	6	14	0	0	14	0	0
8	64777503	.	G	A	10	4	14	0	0	14	0	0
8	64943138	.	T	G	4	7	11	0	0	11	0	0
8	64985695	.	C	T	11	9	20	0	0	22	0	2
8	65004467	.	G	A	7	4	11	0	0	13	0	2
8	65216579	.	A	G	5	6	11	0	0	14	0	3
8	65245227	.	T	C	10	1	11	0	0	12	0	1
8	65245266	.	G	A	11	1	12	0	0	13	0	1
8	65302871	.	C	T	11	8	19	0	0	23	0	4
8	65311004	.	C	T	12	4	16	0	0	20	0	4
8	65352244	.	A	G	3	9	12	0	0	12	0	0
8	65368060	.	T	C	7	10	17	0	0	18	0	1
8	68870435	.	A	G	9	27	36	0	0	36	0	0
8	71542328	.	C	G	6	5	11	0	0	11	0	0
8	71797825	.	T	G	6	4	10	0	0	10	0	0
8	72109815	.	A	T	9	3	12	0	0	14	0	2
8	74935844	.	A	G	9	6	15	0	0	15	0	0
8	74937284	.	C	A	11	10	21	0	0	21	0	0
8	75219435	.	T	C	3	7	10	0	0	10	0	0
8	75219860	.	A	T	6	13	19	0	0	20	0	1
8	75220355	.	T	C	7	3	10	0	0	10	0	0
8	78254926	.	C	A	7	4	11	0	0	11	0	0
8	78926392	.	G	T	6	4	10	0	0	11	0	1
8	79247359	.	A	G	7	7	14	0	0	16	0	2
8	79938670	.	T	C	18	9	27	0	0	29	0	2
8	79958952	.	C	G	16	19	35	0	0	35	0	0
8	79959120	.	T	A	15	13	28	0	0	28	0	0
8	79964444	.	C	T	13	7	20	6	0	26	0	0
8	79964717	.	A	G	27	14	41	0	0	42	0	1
8	79972676	.	G	A	7	3	10	0	0	10	0	0
8	79972677	.	C	T	8	3	11	0	0	11	0	0
8	79983605	.	A	G	11	15	26	0	0	27	0	1
8	79984396	.	A	G	4	11	15	0	0	15	0	0
8	79984444	.	C	A	3	12	15	0	0	15	0	0
8	79984776	.	C	T	12	7	19	0	0	19	0	0
8	84688073	.	C	T	17	18	35	0	0	36	0	1
8	84699402	.	A	G	6	5	11	0	0	11	0	0
8	84699612	.	G	A	25	21	46	0	0	46	0	0
8	84717722	.	G	A	32	30	62	0	0	65	0	3
8	84814495	.	A	G	10	11	21	5	0	26	0	0
8	84814536	.	T	C	11	10	21	1	0	23	0	1
8	88558241	.	T	C	113	108	221	0	0	227	0	6
8	88582077	.	G	A	120	105	225	1	0	227	0	1
8	88589287	.	T	C	14	10	24	1	0	25	0	0
8	93024878	.	T	C	8	4	12	0	0	12	0	0
8	93413060	.	C	T	7	5	12	0	0	13	0	1
8	94885889	.	A	G	24	19	43	0	0	43	0	0
8	94960118	.	C	T	5	6	11	0	0	11	0	0
8	94962420	.	G	A	8	4	12	0	0	13	0	1
8	95144878	.	T	C	49	47	96	0	0	98	0	2
8	95145203	.	C	G	3	7	10	0	0	11	0	1
8	95442279	.	C	T	10	2	12	0	0	14	0	2
8	95442541	.	C	T	4	13	17	0	0	17	0	0
8	95488622	.	C	T	10	7	17	0	0	17	0	0
8	95488718	.	C	T	7	6	13	0	0	13	0	0
8	95533550	.	T	C	13	13	26	0	0	26	0	0
8	95617285	.	C	T	8	10	18	0	0	18	0	0
8	96442826	.	C	T	26	23	49	0	0	50	0	1
8	96739187	.	C	T	109	68	177	4	0	186	0	5
8	96753892	.	C	T	68	42	110	0	0	113	0	3
8	97858650	.	G	A	12	12	24	0	0	25	0	1
8	98986073	.	A	G	17	18	35	0	0	36	0	1
8	99229676	.	C	T	11	12	23	0	0	23	0	0
8	99230437	.	T	C	13	13	26	0	0	26	0	0
8	99425540	.	G	A	145	1	146	0	0	148	0	2
8	103157211	.	C	T	42	38	80	0	0	86	0	6
8	103243082	.	C	T	20	25	45	0	0	45	0	0
8	103243323	.	G	A	6	15	21	0	0	21	0	0
8	103243344	.	C	T	6	14	20	0	0	20	0	0
8	105470801	.	G	A	18	16	34	0	0	34	0	0
8	105516732	.	G	A	22	10	32	0	0	32	0	0
8	108380847	.	A	G	16	19	35	0	0	35	0	0
8	108458482	.	C	T	7	3	10	0	0	10	0	0
8	115844198	.	C	T	12	8	20	0	0	20	0	0
8	115952249	.	A	G	8	7	15	0	0	15	0	0
8	117040933	.	T	C	25	18	43	0	0	43	0	0
8	117349430	.	A	G	4	13	17	0	0	17	0	0
8	117349625	.	G	C	34	34	68	0	0	68	0	0
8	117350075	.	G	A	25	37	62	0	0	62	0	0
8	119651627	.	C	T	8	6	14	0	0	15	0	1
8	119756158	.	G	C	48	53	101	0	0	101	0	0
8	119782663	.	C	T	4	7	11	0	0	11	0	0
8	119852551	.	G	A	3	7	10	0	0	10	0	0
8	119852565	.	A	G	11	4	15	0	0	15	0	0
8	122162086	.	C	T	6	4	10	0	0	10	0	0
8	122162145	.	C	T	5	5	10	0	0	10	0	0
8	122550073	.	G	A	7	5	12	0	0	12	0	0
8	122637612	.	T	C	7	5	12	0	0	12	0	0
8	122643295	.	A	G	6	5	11	0	0	11	0	0
8	123005958	.	C	T	7	5	12	0	0	12	0	0
8	123746373	.	C	T	37	36	73	0	0	74	0	1
8	123749353	.	G	T	24	19	43	0	0	46	0	3
8	123749819	.	C	T	18	21	39	0	0	39	0	0
8	123750062	.	C	G	25	26	51	0	0	51	0	0
8	123754292	.	C	T	5	11	16	0	0	16	0	0
8	123754680	.	C	T	9	14	23	0	0	23	0	0
8	123898875	.	T	C	15	4	19	0	0	19	0	0
8	124271502	.	C	T	23	19	42	0	0	43	0	1
8	124294849	.	G	T	19	11	30	0	0	30	0	0
8	124297229	.	A	G	8	4	12	0	0	12	0	0
8	124297247	.	T	G	7	5	12	0	0	12	0	0
8	124302900	.	T	C	9	8	17	0	0	17	0	0
8	124703095	.	A	G	15	15	30	0	0	31	0	1
8	132769638	.	A	C	15	3	18	0	0	20	0	2
8	132769916	.	T	C	20	16	36	0	0	36	0	0
8	132769964	.	G	A	19	11	30	0	0	30	0	0
8	132774950	.	G	A	20	18	38	0	0	38	0	0
8	132785625	.	A	G	14	9	23	0	0	23	0	0
8	132786024	.	C	T	7	7	14	0	0	14	0	0
8	132786027	.	G	T	7	7	14	0	0	14	0	0
8	139969340	.	T	C	9	10	19	0	0	19	0	0
8	142285299	.	C	T	8	11	19	0	0	19	0	0
8	143100916	.	T	G	13	0	13	0	0	20	1	6
8	143120979	.	C	T	18	3	21	0	0	21	0	0
8	143121471	.	G	A	9	2	11	0	0	11	0	0
